"0","jitter(c(1, 2, 3))
"
"1","[1]"
"1"," 0.8502481"
"1"," 1.9389736"
"1"," 2.9226385"
"1","
"
